year,stage,team1,score1,score2,team2,venue,city,country,date,notes,_ingestion_id,_ingested_at,_source_file,_source_format,_run_id
1930,Group Stage,France,4,1,Mexico,Estadio Centenario,Montevideo,Uruguay,1930-07-13,First ever WC match,8aefcfa9-aab7-4677-a17d-4e82086e6ddf,2026-08-18T12:29:07.612570,wc_all_matches.csv,CSV,ebe3b807-d2d8-40c0-b202-60f947e7efea
1930,Group Stage,USA,3,0,Belgium,Estadio Centenario,Montevideo,Uruguay,1930-07-13,nan,6f279b82-5dee-434f-a4d8-00ca2886a460,2026-08-18T12:29:07.612570,wc_all_matches.csv,CSV,ebe3b807-d2d8-40c0-b202-60f947e7efea
1930,Group Stage,Yugoslavia,2,1,Brazil,Estadio Centenario,Montevideo,Uruguay,1930-07-14,nan,22df6778-5f77-4256-ad95-d702089be3b2,2026-08-18T12:29:07.612570,wc_all_matches.csv,CSV,ebe3b807-d2d8-40c0-b202-60f947e7efea
1930,Group Stage,Uruguay,1,0,Peru,Estadio Centenario,Montevideo,Uruguay,1930-07-18,nan,7a5042d9-e090-4c22-a624-caefd1f83f29,2026-08-18T12:29:07.612570,wc_all_matches.csv,CSV,ebe3b807-d2d8-40c0-b202-60f947e7efea
1930,Group Stage,Argentina,6,3,USA,Estadio Centenario,Montevideo,Uruguay,1930-07-26,nan,c3eae1f8-ecbd-4183-9282-699e437975c8,2026-08-18T12:29:07.612570,wc_all_matches.csv,CSV,ebe3b807-d2d8-40c0-b202-60f947e7efea
1930,Semi-final,Uruguay,6,1,Yugoslavia,Estadio Centenario,Montevideo,Uruguay,1930-07-27,nan,051db4b8-a943-4a03-8700-a4aabadd00f2,2026-08-18T12:29:07.612570,wc_all_matches.csv,CSV,ebe3b807-d2d8-40c0-b202-60f947e7efea
1930,Semi-final,Argentina,6,1,USA,Estadio Centenario,Montevideo,Uruguay,1930-07-26,nan,34a3eaf9-8819-43e2-a872-9a24e6657439,2026-08-18T12:29:07.612570,wc_all_matches.csv,CSV,ebe3b807-d2d8-40c0-b202-60f947e7efea
1930,Final,Uruguay,4,2,Argentina,Estadio Centenario,Montevideo,Uruguay,1930-07-30,First WC Final,3c9a0876-9f6c-4cb8-aff0-0584c2dd1a7f,2026-08-18T12:29:07.612570,wc_all_matches.csv,CSV,ebe3b807-d2d8-40c0-b202-60f947e7efea
1934,Round of 16,Italy,7,1,USA,PNF Stadium,Rome,Italy,1934-05-27,nan,e142123a-9af5-46ca-87a1-bfd7defd8b48,2026-08-18T12:29:07.612570,wc_all_matches.csv,CSV,ebe3b807-d2d8-40c0-b202-60f947e7efea
1934,Round of 16,Germany,5,2,Belgium,PNF Stadium,Florence,Italy,1934-05-27,nan,fb7adea5-22bb-4bd6-a2f2-fb1d29770c5c,2026-08-18T12:29:07.612570,wc_all_matches.csv,CSV,ebe3b807-d2d8-40c0-b202-60f947e7efea
1934,Quarter-final,Italy,1,1,Spain,PNF Stadium,Florence,Italy,1934-05-31,AET - replay,58844669-d5af-4e10-a41b-68f62d416883,2026-08-18T12:29:07.612570,wc_all_matches.csv,CSV,ebe3b807-d2d8-40c0-b202-60f947e7efea
1934,Semi-final,Italy,1,0,Austria,San Siro,Milan,Italy,1934-06-03,nan,08d24b39-68e5-4ea1-9717-647d599ee503,2026-08-18T12:29:07.612570,wc_all_matches.csv,CSV,ebe3b807-d2d8-40c0-b202-60f947e7efea
1934,Semi-final,Germany,3,1,Sweden,Stadio Bentegodi,Bologna,Italy,1934-06-03,nan,a6b78e1a-f024-4226-9b44-68bb3fd1546f,2026-08-18T12:29:07.612570,wc_all_matches.csv,CSV,ebe3b807-d2d8-40c0-b202-60f947e7efea
1934,3rd Place,Germany,3,2,Austria,Stadio Bentegodi,Naples,Italy,1934-06-07,nan,b4586de7-11ec-4058-a2ad-016145808c02,2026-08-18T12:29:07.612570,wc_all_matches.csv,CSV,ebe3b807-d2d8-40c0-b202-60f947e7efea
1934,Final,Italy,2,1,Czechoslovakia,PNF Stadium,Rome,Italy,1934-06-10,AET,9691c932-5ae7-4f9e-bda6-8c78bfae9e2a,2026-08-18T12:29:07.612570,wc_all_matches.csv,CSV,ebe3b807-d2d8-40c0-b202-60f947e7efea
1938,Round of 16,Brazil,6,5,Poland,Stade de la Meinau,Strasbourg,France,1938-06-05,AET - 11 goals!,f36c8bed-d585-4549-81c0-dffb9f7230b4,2026-08-18T12:29:07.612570,wc_all_matches.csv,CSV,ebe3b807-d2d8-40c0-b202-60f947e7efea
1938,Round of 16,Italy,2,1,Norway,Stade de Gerland,Lyon,France,1938-06-05,AET,ac4dd001-5a8b-4300-ba4c-39814a38f645,2026-08-18T12:29:07.612570,wc_all_matches.csv,CSV,ebe3b807-d2d8-40c0-b202-60f947e7efea
1938,Quarter-final,Brazil,1,1,Czechoslovakia,Stade de la Meinau,Bordeaux,France,1938-06-12,Replay,64c56388-ca6c-47b2-b2af-7623397edbe7,2026-08-18T12:29:07.612570,wc_all_matches.csv,CSV,ebe3b807-d2d8-40c0-b202-60f947e7efea
1938,Semi-final,Italy,2,1,Brazil,Stade de Colombes,Paris,France,1938-06-16,nan,e1161ed9-d89e-40cb-a839-aafe1716c080,2026-08-18T12:29:07.612570,wc_all_matches.csv,CSV,ebe3b807-d2d8-40c0-b202-60f947e7efea
1938,Semi-final,Hungary,5,1,Sweden,Stade Olympique,Paris,France,1938-06-16,nan,8bbdd2a3-92a0-42a3-b976-abd4ce0e3584,2026-08-18T12:29:07.612570,wc_all_matches.csv,CSV,ebe3b807-d2d8-40c0-b202-60f947e7efea
1938,3rd Place,Brazil,4,2,Sweden,Stade de Bordeaux,Bordeaux,France,1938-06-19,nan,94f43c3b-14d5-4324-a428-2c4e956e0dd7,2026-08-18T12:29:07.612570,wc_all_matches.csv,CSV,ebe3b807-d2d8-40c0-b202-60f947e7efea
1938,Final,Italy,4,2,Hungary,Stade de Colombes,Paris,France,1938-06-19,nan,d2f39818-6f5e-498d-8dc1-ec382a85c39a,2026-08-18T12:29:07.612570,wc_all_matches.csv,CSV,ebe3b807-d2d8-40c0-b202-60f947e7efea
1950,Group Stage,Brazil,4,0,Mexico,Estádio do Maracanã,Rio de Janeiro,Brazil,1950-06-24,nan,38da82eb-cf78-4e16-a687-42458097cd63,2026-08-18T12:29:07.612570,wc_all_matches.csv,CSV,ebe3b807-d2d8-40c0-b202-60f947e7efea
1950,Group Stage,England,0,1,USA,Estádio Independência,Belo Horizonte,Brazil,1950-06-29,Greatest WC upset ever,52e21021-0037-4066-80d0-54b0d777fe9a,2026-08-18T12:29:07.612570,wc_all_matches.csv,CSV,ebe3b807-d2d8-40c0-b202-60f947e7efea
1950,Final Round,Brazil,7,1,Sweden,Estádio do Maracanã,Rio de Janeiro,Brazil,1950-07-09,nan,900e98ad-1c4a-48ba-b7b2-677f3ff9aa63,2026-08-18T12:29:07.612570,wc_all_matches.csv,CSV,ebe3b807-d2d8-40c0-b202-60f947e7efea
1950,Final Round,Uruguay,3,2,Sweden,Estádio do Maracanã,São Paulo,Brazil,1950-07-09,nan,b94d473f-661c-4bfc-ae89-c901795d44b3,2026-08-18T12:29:07.612570,wc_all_matches.csv,CSV,ebe3b807-d2d8-40c0-b202-60f947e7efea
1950,Final Round,Uruguay,2,1,Brazil,Estádio do Maracanã,Rio de Janeiro,Brazil,1950-07-16,Maracanazo,edfb72d2-f805-4089-9d19-e1ba4578857b,2026-08-18T12:29:07.612570,wc_all_matches.csv,CSV,ebe3b807-d2d8-40c0-b202-60f947e7efea
1954,Group Stage,Hungary,9,0,South Korea,Hardturm,Zürich,Switzerland,1954-06-17,nan,79046824-0018-49f0-b829-c6cecb0e5111,2026-08-18T12:29:07.612570,wc_all_matches.csv,CSV,ebe3b807-d2d8-40c0-b202-60f947e7efea
1954,Group Stage,West Germany,3,8,Hungary,Wankdorf,Bern,Switzerland,1954-06-20,nan,0a2badbb-ef8c-4ad7-8557-fd04ebf5ec75,2026-08-18T12:29:07.612570,wc_all_matches.csv,CSV,ebe3b807-d2d8-40c0-b202-60f947e7efea
1954,Quarter-final,Austria,7,5,Switzerland,Hardturm,Lausanne,Switzerland,1954-06-26,Highest scoring WC match ever,c9955e45-b3f9-40b3-b62e-59237c5fb143,2026-08-18T12:29:07.612570,wc_all_matches.csv,CSV,ebe3b807-d2d8-40c0-b202-60f947e7efea
1954,Semi-final,West Germany,6,1,Austria,Wankdorf,Basel,Switzerland,1954-06-30,nan,46a9f15c-7ad1-4a4f-bfb0-96cedf70ad63,2026-08-18T12:29:07.612570,wc_all_matches.csv,CSV,ebe3b807-d2d8-40c0-b202-60f947e7efea
1954,Semi-final,Hungary,4,2,Uruguay,Stade Olympique,Lausanne,Switzerland,1954-06-30,nan,fdf1434e-8b2a-4ea7-9054-f51fb7482267,2026-08-18T12:29:07.612570,wc_all_matches.csv,CSV,ebe3b807-d2d8-40c0-b202-60f947e7efea
1954,3rd Place,Austria,3,1,Uruguay,Hardturm,Zürich,Switzerland,1954-07-03,nan,3ec7864c-fb26-47e2-9a15-f6533e063997,2026-08-18T12:29:07.612570,wc_all_matches.csv,CSV,ebe3b807-d2d8-40c0-b202-60f947e7efea
1954,Final,West Germany,3,2,Hungary,Wankdorf,Bern,Switzerland,1954-07-04,Miracle of Bern,a972a64c-121f-4395-8d2d-b94a3321bcaa,2026-08-18T12:29:07.612570,wc_all_matches.csv,CSV,ebe3b807-d2d8-40c0-b202-60f947e7efea
1958,Group Stage,Brazil,3,0,Austria,Ryavallen,Borås,Sweden,1958-06-08,nan,6dee58bd-cca9-4414-82e2-7df5c573e3f4,2026-08-18T12:29:07.612570,wc_all_matches.csv,CSV,ebe3b807-d2d8-40c0-b202-60f947e7efea
1958,Group Stage,France,7,3,Paraguay,Idrottsparken,Norrköping,Sweden,1958-06-08,Fontaine hat-trick,1a81b63e-f195-4aa5-b580-037556033e3e,2026-08-18T12:29:07.612570,wc_all_matches.csv,CSV,ebe3b807-d2d8-40c0-b202-60f947e7efea
1958,Quarter-final,France,4,0,Northern Ireland,Ullevi,Gothenburg,Sweden,1958-06-19,nan,3d91925d-4215-4176-988c-edfadb02f196,2026-08-18T12:29:07.612570,wc_all_matches.csv,CSV,ebe3b807-d2d8-40c0-b202-60f947e7efea
1958,Semi-final,Brazil,5,2,France,Ullevi,Gothenburg,Sweden,1958-06-24,nan,791b1584-550c-4cf0-bc76-4120df36866d,2026-08-18T12:29:07.612570,wc_all_matches.csv,CSV,ebe3b807-d2d8-40c0-b202-60f947e7efea
1958,Semi-final,Sweden,3,1,West Germany,Ullevi,Gothenburg,Sweden,1958-06-24,nan,f5a81f36-12b0-4275-aca7-6fd82f507c3a,2026-08-18T12:29:07.612570,wc_all_matches.csv,CSV,ebe3b807-d2d8-40c0-b202-60f947e7efea
1958,3rd Place,France,6,3,West Germany,Ullevi,Gothenburg,Sweden,1958-06-28,Fontaine scores 4,c810ddb6-27b6-4f77-93eb-5e7734832b65,2026-08-18T12:29:07.612570,wc_all_matches.csv,CSV,ebe3b807-d2d8-40c0-b202-60f947e7efea
1958,Final,Brazil,5,2,Sweden,Råsunda,Stockholm,Sweden,1958-06-29,Pelé scores 2 at 17,eaf60d3a-6a79-4806-8709-45aa18362a03,2026-08-18T12:29:07.612570,wc_all_matches.csv,CSV,ebe3b807-d2d8-40c0-b202-60f947e7efea
1962,Group Stage,Soviet Union,2,0,Yugoslavia,Estadio El Teniente,Rancagua,Chile,1962-05-31,nan,661ead01-47fd-458c-a686-e2e36ddcc4d2,2026-08-18T12:29:07.612570,wc_all_matches.csv,CSV,ebe3b807-d2d8-40c0-b202-60f947e7efea
1962,Group Stage,Italy,0,0,Chile,Estadio Nacional,Santiago,Chile,1962-06-02,Battle of Santiago,b6e3e433-5828-4104-bdb3-8de087f143df,2026-08-18T12:29:07.612570,wc_all_matches.csv,CSV,ebe3b807-d2d8-40c0-b202-60f947e7efea
1962,Quarter-final,Brazil,3,1,England,Estadio Sausalito,Viña del Mar,Chile,1962-06-10,nan,9cae7b7f-0198-4441-a750-3b3899908079,2026-08-18T12:29:07.612570,wc_all_matches.csv,CSV,ebe3b807-d2d8-40c0-b202-60f947e7efea
1962,Semi-final,Brazil,4,2,Chile,Estadio Nacional,Santiago,Chile,1962-06-13,nan,299b2b3f-7331-4d20-b8a5-e0532341ae37,2026-08-18T12:29:07.612570,wc_all_matches.csv,CSV,ebe3b807-d2d8-40c0-b202-60f947e7efea
1962,Semi-final,Czechoslovakia,3,1,Yugoslavia,Estadio El Teniente,Vina del Mar,Chile,1962-06-13,nan,471193b8-eb80-43f2-bf75-8930482b6950,2026-08-18T12:29:07.612570,wc_all_matches.csv,CSV,ebe3b807-d2d8-40c0-b202-60f947e7efea
1962,3rd Place,Chile,1,0,Yugoslavia,Estadio Nacional,Santiago,Chile,1962-06-16,nan,56170ad4-0ead-42fd-96d9-a181c6b0b4a3,2026-08-18T12:29:07.612570,wc_all_matches.csv,CSV,ebe3b807-d2d8-40c0-b202-60f947e7efea
1962,Final,Brazil,3,1,Czechoslovakia,Estadio Nacional,Santiago,Chile,1962-06-17,nan,35dc8b1b-b736-4c75-a5ff-ad8c46aa476c,2026-08-18T12:29:07.612570,wc_all_matches.csv,CSV,ebe3b807-d2d8-40c0-b202-60f947e7efea
1966,Group Stage,England,0,0,Uruguay,Wembley,London,England,1966-07-11,nan,0513484e-3c2f-491b-9134-3c2e9793b3be,2026-08-18T12:29:07.612570,wc_all_matches.csv,CSV,ebe3b807-d2d8-40c0-b202-60f947e7efea
1966,Group Stage,North Korea,1,0,Italy,Ayresome Park,Middlesbrough,England,1966-07-19,Biggest WC upset,31828c7f-29e8-4812-bf74-b047f5669b06,2026-08-18T12:29:07.612570,wc_all_matches.csv,CSV,ebe3b807-d2d8-40c0-b202-60f947e7efea
1966,Quarter-final,North Korea,3,5,Portugal,Goodison Park,Liverpool,England,1966-07-23,Eusébio scores 4,a9ea5082-482c-4a20-aa71-5cdab1bd3e82,2026-08-18T12:29:07.612570,wc_all_matches.csv,CSV,ebe3b807-d2d8-40c0-b202-60f947e7efea
1966,Quarter-final,England,1,0,Argentina,Wembley,London,England,1966-07-23,nan,5fd837a5-0d12-4527-a1aa-bd3c6d38bf66,2026-08-18T12:29:07.612570,wc_all_matches.csv,CSV,ebe3b807-d2d8-40c0-b202-60f947e7efea
1966,Semi-final,England,2,1,Portugal,Wembley,London,England,1966-07-26,nan,922c0262-39be-4165-840c-b577ae3d6c63,2026-08-18T12:29:07.612570,wc_all_matches.csv,CSV,ebe3b807-d2d8-40c0-b202-60f947e7efea
1966,Semi-final,West Germany,2,1,Soviet Union,Goodison Park,Liverpool,England,1966-07-25,nan,51457ccd-2991-4868-a5a0-61e6193d218f,2026-08-18T12:29:07.612570,wc_all_matches.csv,CSV,ebe3b807-d2d8-40c0-b202-60f947e7efea
1966,3rd Place,Portugal,2,1,Soviet Union,Wembley,London,England,1966-07-28,nan,72395b27-e16e-474f-bc7d-4708eaed302b,2026-08-18T12:29:07.612570,wc_all_matches.csv,CSV,ebe3b807-d2d8-40c0-b202-60f947e7efea
1966,Final,England,4,2,West Germany,Wembley,London,England,1966-07-30,Geoff Hurst hat-trick,acc28bdb-f533-4181-9fc6-79859eb700a7,2026-08-18T12:29:07.612570,wc_all_matches.csv,CSV,ebe3b807-d2d8-40c0-b202-60f947e7efea
1970,Group Stage,Brazil,4,1,Czechoslovakia,Estadio Jalisco,Guadalajara,Mexico,1970-06-03,nan,de1ca949-0c15-4b5f-b8d0-dfbc62f23ea9,2026-08-18T12:29:07.612570,wc_all_matches.csv,CSV,ebe3b807-d2d8-40c0-b202-60f947e7efea
1970,Group Stage,West Germany,3,10,Bulgaria,Estadio Nou Camp,León,Mexico,1970-06-02,nan,bc31e4c5-db51-4d41-820e-d1fb25e6954e,2026-08-18T12:29:07.612570,wc_all_matches.csv,CSV,ebe3b807-d2d8-40c0-b202-60f947e7efea
1970,Quarter-final,Brazil,4,2,Peru,Estadio Jalisco,Guadalajara,Mexico,1970-06-14,nan,b60fa31d-18ad-44a8-9b8e-40b00dc93c66,2026-08-18T12:29:07.612570,wc_all_matches.csv,CSV,ebe3b807-d2d8-40c0-b202-60f947e7efea
1970,Quarter-final,West Germany,3,2,England,Estadio Nou Camp,León,Mexico,1970-06-14,AET - England 2-0 up,fcd277e5-ceaf-45dc-a7f6-996e08ec13a7,2026-08-18T12:29:07.612570,wc_all_matches.csv,CSV,ebe3b807-d2d8-40c0-b202-60f947e7efea
1970,Semi-final,Italy,4,3,West Germany,Estadio Azteca,Mexico City,Mexico,1970-06-17,Game of the Century AET,12c3a1cc-dea3-4343-bb55-d7dc5ca070ff,2026-08-18T12:29:07.612570,wc_all_matches.csv,CSV,ebe3b807-d2d8-40c0-b202-60f947e7efea
1970,Semi-final,Brazil,3,1,Uruguay,Estadio Jalisco,Guadalajara,Mexico,1970-06-17,nan,35766ae8-bf1a-4e6f-810f-91ca2a138bdb,2026-08-18T12:29:07.612570,wc_all_matches.csv,CSV,ebe3b807-d2d8-40c0-b202-60f947e7efea
1970,3rd Place,West Germany,1,0,Uruguay,Estadio Azteca,Mexico City,Mexico,1970-06-20,nan,1c3bd188-8d42-4933-8432-bb2fe7301be3,2026-08-18T12:29:07.612570,wc_all_matches.csv,CSV,ebe3b807-d2d8-40c0-b202-60f947e7efea
1970,Final,Brazil,4,1,Italy,Estadio Azteca,Mexico City,Mexico,1970-06-21,Brazil keep the Jules Rimet,bbc8a4d0-6970-4c81-b3c1-e6d5c7493679,2026-08-18T12:29:07.612570,wc_all_matches.csv,CSV,ebe3b807-d2d8-40c0-b202-60f947e7efea
1974,Group Stage,East Germany,1,0,West Germany,Volksparkstadion,Hamburg,West Germany,1974-06-22,Only time they met,23eb7462-14a4-4059-85a4-08e8786ef17f,2026-08-18T12:29:07.612570,wc_all_matches.csv,CSV,ebe3b807-d2d8-40c0-b202-60f947e7efea
1974,Group Stage,Brazil,0,0,Yugoslavia,Olympiastadion,Berlin,West Germany,1974-06-18,nan,d6bc5f38-9034-43f1-be63-f9563817595a,2026-08-18T12:29:07.612570,wc_all_matches.csv,CSV,ebe3b807-d2d8-40c0-b202-60f947e7efea
1974,Semi-final Round,Netherlands,2,0,Brazil,Westfalenstadion,Dortmund,West Germany,1974-07-03,nan,d5437f1f-b1d4-413c-ac69-f68d79368b40,2026-08-18T12:29:07.612570,wc_all_matches.csv,CSV,ebe3b807-d2d8-40c0-b202-60f947e7efea
1974,Semi-final Round,West Germany,1,0,Poland,Olympiastadion,Frankfurt,West Germany,1974-07-03,nan,b90304c2-7562-467e-b97d-4e6c2e4ddfa8,2026-08-18T12:29:07.612570,wc_all_matches.csv,CSV,ebe3b807-d2d8-40c0-b202-60f947e7efea
1974,3rd Place,Poland,1,0,Brazil,Olympiastadion,Munich,West Germany,1974-07-06,nan,eaf5f4b6-0aaf-43af-9c89-b80849e552f1,2026-08-18T12:29:07.612570,wc_all_matches.csv,CSV,ebe3b807-d2d8-40c0-b202-60f947e7efea
1974,Final,West Germany,2,1,Netherlands,Olympiastadion,Munich,West Germany,1974-07-07,nan,7e880f73-fac2-41f5-8823-6cbcc30120bd,2026-08-18T12:29:07.612570,wc_all_matches.csv,CSV,ebe3b807-d2d8-40c0-b202-60f947e7efea
1978,Group Stage,Argentina,2,1,Hungary,El Monumental,Buenos Aires,Argentina,1978-06-02,nan,4b515102-2e68-40fc-80a0-17239ff7c4f4,2026-08-18T12:29:07.612570,wc_all_matches.csv,CSV,ebe3b807-d2d8-40c0-b202-60f947e7efea
1978,Group Stage,Italy,1,0,Argentina,El Monumental,Buenos Aires,Argentina,1978-06-10,nan,f1ee84fa-2d23-41b9-a055-43ee837e020d,2026-08-18T12:29:07.612570,wc_all_matches.csv,CSV,ebe3b807-d2d8-40c0-b202-60f947e7efea
1978,Group Stage,Argentina,6,0,Peru,El Monumental,Buenos Aires,Argentina,1978-06-21,Controversial result,0eb7ad8a-6c45-4fae-8de6-34982bf46a9f,2026-08-18T12:29:07.612570,wc_all_matches.csv,CSV,ebe3b807-d2d8-40c0-b202-60f947e7efea
1978,3rd Place,Brazil,2,1,Italy,El Monumental,Buenos Aires,Argentina,1978-06-24,nan,ddc5b783-b4f3-42f8-9420-79f3af79c03b,2026-08-18T12:29:07.612570,wc_all_matches.csv,CSV,ebe3b807-d2d8-40c0-b202-60f947e7efea
1978,Final,Argentina,3,1,Netherlands,El Monumental,Buenos Aires,Argentina,1978-06-25,AET - Kempes 2,f0d6b4fc-29ab-40b8-b019-74473ac2f0bf,2026-08-18T12:29:07.612570,wc_all_matches.csv,CSV,ebe3b807-d2d8-40c0-b202-60f947e7efea
1982,Group Stage,Algeria,2,1,West Germany,El Molinon,Gijón,Spain,1982-06-16,Biggest WC upset 1982,83088300-2c66-47ce-a45e-88d6ef38bb93,2026-08-18T12:29:07.612570,wc_all_matches.csv,CSV,ebe3b807-d2d8-40c0-b202-60f947e7efea
1982,Group Stage,West Germany,1,0,Austria,El Molinon,Gijón,Spain,1982-06-25,Disgrace of Gijón,44efe853-6c42-499d-8022-cd623b4838e2,2026-08-18T12:29:07.612570,wc_all_matches.csv,CSV,ebe3b807-d2d8-40c0-b202-60f947e7efea
1982,Group Stage,Brazil,3,1,Argentina,Sarriá,Barcelona,Spain,1982-06-02,nan,4fefbb04-b694-4c16-98e2-3d7f9f90b3f0,2026-08-18T12:29:07.612570,wc_all_matches.csv,CSV,ebe3b807-d2d8-40c0-b202-60f947e7efea
1982,Quarter-final,West Germany,0,0,France,Ramón Sánchez Pizjuán,Seville,Spain,1982-07-08,First WC shootout - Germany win 5-4 pens,04130abb-ecb7-408d-a4c1-d66f22295348,2026-08-18T12:29:07.612570,wc_all_matches.csv,CSV,ebe3b807-d2d8-40c0-b202-60f947e7efea
1982,Semi-final,Italy,2,0,Poland,Camp Nou,Barcelona,Spain,1982-07-08,nan,e2c395de-0460-4417-ab4c-947bbb3264ba,2026-08-18T12:29:07.612570,wc_all_matches.csv,CSV,ebe3b807-d2d8-40c0-b202-60f947e7efea
1982,3rd Place,Poland,3,2,France,Estadio Metropolitano,Madrid,Spain,1982-07-10,nan,972c2eb2-4ecc-4775-a881-755fec9bac0c,2026-08-18T12:29:07.612570,wc_all_matches.csv,CSV,ebe3b807-d2d8-40c0-b202-60f947e7efea
1982,Final,Italy,3,1,West Germany,Bernabéu,Madrid,Spain,1982-07-11,Rossi wins Golden Boot,4a07206e-4ee2-479c-9cfb-d70bdbed0a45,2026-08-18T12:29:07.612570,wc_all_matches.csv,CSV,ebe3b807-d2d8-40c0-b202-60f947e7efea
1986,Group Stage,Denmark,6,1,Uruguay,Estadio Neza,Nezahualcóyotl,Mexico,1986-06-08,nan,91aa0921-1f0e-4fa9-b95c-f85569a995a0,2026-08-18T12:29:07.612570,wc_all_matches.csv,CSV,ebe3b807-d2d8-40c0-b202-60f947e7efea
1986,Round of 16,Belgium,4,3,Soviet Union,Estadio Jalisco,Guadalajara,Mexico,1986-06-15,AET,f1d75ab5-bbd6-4bf2-8923-c3d3d35eec35,2026-08-18T12:29:07.612570,wc_all_matches.csv,CSV,ebe3b807-d2d8-40c0-b202-60f947e7efea
1986,Quarter-final,Argentina,2,1,England,Estadio Azteca,Mexico City,Mexico,1986-06-22,Hand of God + Goal of Century,67a7c221-033c-4b12-926f-e6894b23a0b8,2026-08-18T12:29:07.612570,wc_all_matches.csv,CSV,ebe3b807-d2d8-40c0-b202-60f947e7efea
1986,Quarter-final,France,0,0,Brazil,Estadio Jalisco,Guadalajara,Mexico,1986-06-21,France win 4-3 pens,ca118462-aaad-4f67-9950-60b9fbc71a20,2026-08-18T12:29:07.612570,wc_all_matches.csv,CSV,ebe3b807-d2d8-40c0-b202-60f947e7efea
1986,Semi-final,Argentina,2,0,Belgium,Estadio Azteca,Mexico City,Mexico,1986-06-25,Maradona 2 goals,5c92e35e-9faf-466e-94f5-07e4f35cf8fa,2026-08-18T12:29:07.612570,wc_all_matches.csv,CSV,ebe3b807-d2d8-40c0-b202-60f947e7efea
1986,Semi-final,West Germany,2,0,France,Estadio Jalisco,Guadalajara,Mexico,1986-06-25,nan,70a61595-6d1e-481d-baad-669f4408a311,2026-08-18T12:29:07.612570,wc_all_matches.csv,CSV,ebe3b807-d2d8-40c0-b202-60f947e7efea
1986,3rd Place,France,4,2,Belgium,Estadio Cuauhtémoc,Puebla,Mexico,1986-06-28,nan,52931c34-ebd6-41e3-9416-733d1277da04,2026-08-18T12:29:07.612570,wc_all_matches.csv,CSV,ebe3b807-d2d8-40c0-b202-60f947e7efea
1986,Final,Argentina,3,2,West Germany,Estadio Azteca,Mexico City,Mexico,1986-06-29,Maradona's WC,a85a2005-2d09-4622-943c-5041b986e12c,2026-08-18T12:29:07.612570,wc_all_matches.csv,CSV,ebe3b807-d2d8-40c0-b202-60f947e7efea
1990,Group Stage,Argentina,0,1,Cameroon,San Siro,Milan,Italy,1990-06-08,Greatest WC upset 1990,14d9689f-13f6-4122-98cd-327b614d470f,2026-08-18T12:29:07.612570,wc_all_matches.csv,CSV,ebe3b807-d2d8-40c0-b202-60f947e7efea
1990,Group Stage,Colombia,1,1,West Germany,Stadio Giuseppe Meazza,Milan,Italy,1990-06-19,Rene Higuita error,8c3b3e96-c09d-4258-911e-0072dc5be066,2026-08-18T12:29:07.612570,wc_all_matches.csv,CSV,ebe3b807-d2d8-40c0-b202-60f947e7efea
1990,Round of 16,Ireland,0,0,Romania,Stadio Luigi Ferraris,Genoa,Italy,1990-06-25,Ireland win 5-4 pens,f4f7bd1b-0e5b-400d-8b17-043a060f9b30,2026-08-18T12:29:07.612570,wc_all_matches.csv,CSV,ebe3b807-d2d8-40c0-b202-60f947e7efea
1990,Quarter-final,West Germany,1,0,Czechoslovakia,Stadio delle Alpi,Turin,Italy,1990-07-01,nan,42469e08-8504-4945-850e-f4987e8a102a,2026-08-18T12:29:07.612570,wc_all_matches.csv,CSV,ebe3b807-d2d8-40c0-b202-60f947e7efea
1990,Quarter-final,Argentina,0,0,Yugoslavia,Stadio Marc Antonio Bentegodi,Florence,Italy,1990-07-01,Argentina win 3-2 pens,94152bb5-a450-4a4e-bd51-9a1ff4add34b,2026-08-18T12:29:07.612570,wc_all_matches.csv,CSV,ebe3b807-d2d8-40c0-b202-60f947e7efea
1990,Semi-final,West Germany,1,1,England,Stadio delle Alpi,Turin,Italy,1990-07-04,Germany win 4-3 pens - Gazza cries,390851ad-82e1-4a7b-8052-e5e1c852292c,2026-08-18T12:29:07.612570,wc_all_matches.csv,CSV,ebe3b807-d2d8-40c0-b202-60f947e7efea
1990,Semi-final,Argentina,1,1,Italy,San Paolo,Naples,Italy,1990-07-03,Argentina win 4-3 pens,db90c7da-d373-498e-b9e0-f154f5cf1548,2026-08-18T12:29:07.612570,wc_all_matches.csv,CSV,ebe3b807-d2d8-40c0-b202-60f947e7efea
1990,3rd Place,Italy,2,1,England,Stadio San Nicola,Bari,Italy,1990-07-07,Schillaci Golden Boot,aec6fa92-9cd1-4686-ac78-11e54a3b4a4f,2026-08-18T12:29:07.612570,wc_all_matches.csv,CSV,ebe3b807-d2d8-40c0-b202-60f947e7efea
1990,Final,West Germany,1,0,Argentina,Stadio Olimpico,Rome,Italy,1990-07-08,Penalty - Brehme,3ae8afa6-b583-46b9-bf24-2a29a23cf62c,2026-08-18T12:29:07.612570,wc_all_matches.csv,CSV,ebe3b807-d2d8-40c0-b202-60f947e7efea
1994,Group Stage,Bolivia,0,1,Germany,Pontiac Silverdome,Detroit,USA,1994-06-17,First indoor WC match,eac69a2d-2031-42da-8a5e-899d57f0810c,2026-08-18T12:29:07.612570,wc_all_matches.csv,CSV,ebe3b807-d2d8-40c0-b202-60f947e7efea
1994,Group Stage,Russia,6,1,Cameroon,Stanford Stadium,Palo Alto,USA,1994-06-28,Salenko 5 goals,e68a1d1b-da6a-4d50-adcc-657f7771064f,2026-08-18T12:29:07.612570,wc_all_matches.csv,CSV,ebe3b807-d2d8-40c0-b202-60f947e7efea
1994,Group Stage,Brazil,3,0,Russia,Stanford Stadium,Stanford,USA,1994-06-28,nan,a423474e-c531-44d7-9e8b-6f7c4f01e896,2026-08-18T12:29:07.612570,wc_all_matches.csv,CSV,ebe3b807-d2d8-40c0-b202-60f947e7efea
1994,Quarter-final,Brazil,1,0,Netherlands,Cotton Bowl,Dallas,USA,1994-07-09,Bebeto cradle celebration,ab9c4678-8a90-4820-8eb6-be90182ab27f,2026-08-18T12:29:07.612570,wc_all_matches.csv,CSV,ebe3b807-d2d8-40c0-b202-60f947e7efea
1994,Semi-final,Brazil,1,0,Sweden,Rose Bowl,Pasadena,USA,1994-07-13,nan,6f593846-cb62-4d6e-9783-d83856025a08,2026-08-18T12:29:07.612570,wc_all_matches.csv,CSV,ebe3b807-d2d8-40c0-b202-60f947e7efea
1994,Semi-final,Italy,2,1,Bulgaria,Giants Stadium,New Jersey,USA,1994-07-13,nan,101fda5a-c908-4d36-948e-c060e8ff1799,2026-08-18T12:29:07.612570,wc_all_matches.csv,CSV,ebe3b807-d2d8-40c0-b202-60f947e7efea
1994,3rd Place,Sweden,4,0,Bulgaria,Rose Bowl,Pasadena,USA,1994-07-16,nan,56db688f-9f3c-4699-beed-ee510d9a2584,2026-08-18T12:29:07.612570,wc_all_matches.csv,CSV,ebe3b807-d2d8-40c0-b202-60f947e7efea
1994,Final,Brazil,0,0,Italy,Rose Bowl,Pasadena,USA,1994-07-17,Brazil win 3-2 pens - Baggio misses,ab2d33ff-b6fd-432d-9cdf-d3ba0f8add89,2026-08-18T12:29:07.612570,wc_all_matches.csv,CSV,ebe3b807-d2d8-40c0-b202-60f947e7efea
1998,Group Stage,Brazil,2,1,Scotland,Stade de France,Saint-Denis,France,1998-06-10,nan,37c4e3d9-3295-4263-be0c-87c8dd80ec86,2026-08-18T12:29:07.612570,wc_all_matches.csv,CSV,ebe3b807-d2d8-40c0-b202-60f947e7efea
1998,Group Stage,Nigeria,3,2,Spain,Stade de la Mosson,Montpellier,France,1998-06-13,nan,3f1a43e8-7da7-4b07-ab43-aade8329437c,2026-08-18T12:29:07.612570,wc_all_matches.csv,CSV,ebe3b807-d2d8-40c0-b202-60f947e7efea
1998,Round of 16,Argentina,2,2,England,Stade Geoffroy-Guichard,Saint-Étienne,France,1998-06-30,Beckham sent off - Argentina win 4-3 pens,d6a895d3-7c46-4a5f-954d-9e82df26983e,2026-08-18T12:29:07.612570,wc_all_matches.csv,CSV,ebe3b807-d2d8-40c0-b202-60f947e7efea
1998,Round of 16,France,1,0,Paraguay,Félix Bollaert,Lens,France,1998-06-28,AET - Blanc golden goal,112e54f4-dc7c-4b97-8daa-d006fb89b849,2026-08-18T12:29:07.612570,wc_all_matches.csv,CSV,ebe3b807-d2d8-40c0-b202-60f947e7efea
1998,Quarter-final,Netherlands,2,1,Argentina,Stade Vélodrome,Marseille,France,1998-07-04,Bergkamp goal of tournament,4d92ff3a-4d31-470d-98ca-81f02c4fd71b,2026-08-18T12:29:07.612570,wc_all_matches.csv,CSV,ebe3b807-d2d8-40c0-b202-60f947e7efea
1998,Quarter-final,France,0,0,Italy,Stade de France,Saint-Denis,France,1998-07-03,France win 4-3 pens,7b47e688-313e-42bc-9456-52d294d40e83,2026-08-18T12:29:07.612570,wc_all_matches.csv,CSV,ebe3b807-d2d8-40c0-b202-60f947e7efea
1998,Semi-final,France,2,1,Croatia,Stade de France,Saint-Denis,France,1998-07-08,nan,5c7fcc65-7a44-4b7d-ae5d-7f59cdaf59c9,2026-08-18T12:29:07.612570,wc_all_matches.csv,CSV,ebe3b807-d2d8-40c0-b202-60f947e7efea
1998,Semi-final,Brazil,1,1,Netherlands,Stade Vélodrome,Marseille,France,1998-07-07,Brazil win 4-2 pens,f44426e0-93cb-4813-912d-7b0948ab9d42,2026-08-18T12:29:07.612570,wc_all_matches.csv,CSV,ebe3b807-d2d8-40c0-b202-60f947e7efea
1998,3rd Place,Croatia,2,1,Netherlands,Parc des Princes,Paris,France,1998-07-11,nan,8bf0c6ac-5374-46b7-844b-985d59265fc8,2026-08-18T12:29:07.612570,wc_all_matches.csv,CSV,ebe3b807-d2d8-40c0-b202-60f947e7efea
1998,Final,France,3,0,Brazil,Stade de France,Saint-Denis,France,1998-07-12,Ronaldo fit? France dominate,3e309c79-4333-4819-89ae-16638441b638,2026-08-18T12:29:07.612570,wc_all_matches.csv,CSV,ebe3b807-d2d8-40c0-b202-60f947e7efea
2002,Group Stage,Senegal,1,0,France,Seoul World Cup Stadium,Seoul,South Korea,2002-05-31,Defending champions out in groups,a7c95aed-098a-438a-9cb7-3224306f7874,2026-08-18T12:29:07.612570,wc_all_matches.csv,CSV,ebe3b807-d2d8-40c0-b202-60f947e7efea
2002,Group Stage,South Korea,2,0,Portugal,Suwon World Cup Stadium,Suwon,South Korea,2002-06-14,nan,960364b6-dcda-4900-876b-9e070c356132,2026-08-18T12:29:07.612570,wc_all_matches.csv,CSV,ebe3b807-d2d8-40c0-b202-60f947e7efea
2002,Round of 16,South Korea,2,1,Italy,Daejeon World Cup Stadium,Daejeon,South Korea,2002-06-18,AET - Ahn golden goal,d6679451-29c3-41d5-9df2-6322dd7e9345,2026-08-18T12:29:07.612570,wc_all_matches.csv,CSV,ebe3b807-d2d8-40c0-b202-60f947e7efea
2002,Quarter-final,South Korea,0,0,Spain,Gwangju World Cup Stadium,Gwangju,South Korea,2002-06-22,South Korea win 5-3 pens,1a0a72d3-f631-4bb1-985c-3e989842efe3,2026-08-18T12:29:07.612570,wc_all_matches.csv,CSV,ebe3b807-d2d8-40c0-b202-60f947e7efea
2002,Quarter-final,Brazil,2,1,England,Shizuoka Stadium,Shizuoka,Japan,2002-06-21,Ronaldinho free kick,9ed58dc8-9b10-412a-baa7-4acceec4b5f9,2026-08-18T12:29:07.612570,wc_all_matches.csv,CSV,ebe3b807-d2d8-40c0-b202-60f947e7efea
2002,Semi-final,Brazil,1,0,Turkey,Saitama Stadium,Saitama,Japan,2002-06-26,nan,5a5e577f-e39f-4bc8-98f8-96367bc5f8b9,2026-08-18T12:29:07.612570,wc_all_matches.csv,CSV,ebe3b807-d2d8-40c0-b202-60f947e7efea
2002,Semi-final,Germany,1,0,South Korea,Seoul World Cup Stadium,Seoul,South Korea,2002-06-25,nan,7c787e15-d128-4992-afed-b13dcb656800,2026-08-18T12:29:07.612570,wc_all_matches.csv,CSV,ebe3b807-d2d8-40c0-b202-60f947e7efea
2002,3rd Place,Turkey,3,2,South Korea,Daegu World Cup Stadium,Daegu,South Korea,2002-06-29,nan,ad956bda-fdc9-4961-8dd0-8222c9988f91,2026-08-18T12:29:07.612570,wc_all_matches.csv,CSV,ebe3b807-d2d8-40c0-b202-60f947e7efea
2002,Final,Brazil,2,0,Germany,Yokohama International,Yokohama,Japan,2002-06-30,Ronaldo 2 goals,973bed2c-b9e8-4437-b97c-cd00434f211d,2026-08-18T12:29:07.612570,wc_all_matches.csv,CSV,ebe3b807-d2d8-40c0-b202-60f947e7efea
2006,Group Stage,Germany,4,2,Costa Rica,Allianz Arena,Munich,Germany,2006-06-09,Opening match,33ee46c8-280e-490d-94bd-0b3cd290d70e,2026-08-18T12:29:07.612570,wc_all_matches.csv,CSV,ebe3b807-d2d8-40c0-b202-60f947e7efea
2006,Group Stage,Australia,3,1,Japan,Fritz Walter Stadion,Kaiserslautern,Germany,2006-06-12,nan,eafbd601-0781-4af1-b48d-37e97dfed330,2026-08-18T12:29:07.612570,wc_all_matches.csv,CSV,ebe3b807-d2d8-40c0-b202-60f947e7efea
2006,Round of 16,Italy,1,0,Australia,Fritz Walter Stadion,Kaiserslautern,Germany,2006-06-26,AET Totti pen,f887724d-9e2a-42bf-9b26-c04a6085c517,2026-08-18T12:29:07.612570,wc_all_matches.csv,CSV,ebe3b807-d2d8-40c0-b202-60f947e7efea
2006,Round of 16,Portugal,1,0,Netherlands,Allianz Arena,Nuremberg,Germany,2006-06-25,Battle of Nuremberg - 4 red cards,a2809aaa-9f7a-40bb-a6ae-072fd2b64e12,2026-08-18T12:29:07.612570,wc_all_matches.csv,CSV,ebe3b807-d2d8-40c0-b202-60f947e7efea
2006,Quarter-final,Italy,3,0,Ukraine,Olympiastadion,Hamburg,Germany,2006-06-30,Toni 2 goals,8e53ab17-d148-4735-a694-49de37f12595,2026-08-18T12:29:07.612570,wc_all_matches.csv,CSV,ebe3b807-d2d8-40c0-b202-60f947e7efea
2006,Quarter-final,Germany,1,1,Argentina,Olympiastadion,Berlin,Germany,2006-06-30,Germany win 4-2 pens,75ca6c1a-89d2-4761-8d37-c5351a405e96,2026-08-18T12:29:07.612570,wc_all_matches.csv,CSV,ebe3b807-d2d8-40c0-b202-60f947e7efea
2006,Semi-final,Italy,2,0,Germany,Signal Iduna Park,Dortmund,Germany,2006-07-04,Grosso + Del Piero AET injury time,19920045-6d5c-4274-a4d9-5820a7767346,2026-08-18T12:29:07.612570,wc_all_matches.csv,CSV,ebe3b807-d2d8-40c0-b202-60f947e7efea
2006,Semi-final,Portugal,0,1,France,Allianz Arena,Munich,Germany,2006-07-05,Zidane pen,ba77fb47-9b1b-4d79-8feb-3ca0d445e3e4,2026-08-18T12:29:07.612570,wc_all_matches.csv,CSV,ebe3b807-d2d8-40c0-b202-60f947e7efea
2006,3rd Place,Germany,3,1,Portugal,Gottlieb-Daimler-Stadion,Stuttgart,Germany,2006-07-08,nan,e3661128-823e-41bc-aef9-c2bc8fa582a2,2026-08-18T12:29:07.612570,wc_all_matches.csv,CSV,ebe3b807-d2d8-40c0-b202-60f947e7efea
2006,Final,Italy,1,1,France,Olympiastadion,Berlin,Germany,2006-07-09,Zidane headbutt - Italy win 5-3 pens,cf4464ef-f5f9-4105-a62b-a840beabecd1,2026-08-18T12:29:07.612570,wc_all_matches.csv,CSV,ebe3b807-d2d8-40c0-b202-60f947e7efea
2010,Group Stage,South Africa,1,1,Mexico,Soccer City,Johannesburg,South Africa,2010-06-11,First WC in Africa,d29a5ed0-2e25-4cc5-8973-99d29ee736b2,2026-08-18T12:29:07.612570,wc_all_matches.csv,CSV,ebe3b807-d2d8-40c0-b202-60f947e7efea
2010,Group Stage,England,1,1,USA,Royal Bafokeng,Rustenburg,South Africa,2010-06-12,Green howler,0806eebe-cafc-416e-89f3-43d19c4c65bf,2026-08-18T12:29:07.612570,wc_all_matches.csv,CSV,ebe3b807-d2d8-40c0-b202-60f947e7efea
2010,Group Stage,Germany,4,0,Australia,Moses Mabhida,Durban,South Africa,2010-06-13,nan,56d6582b-d170-40b4-ab0b-0dd57772ebd0,2026-08-18T12:29:07.612570,wc_all_matches.csv,CSV,ebe3b807-d2d8-40c0-b202-60f947e7efea
2010,Round of 16,USA,1,2,Ghana,Royal Bafokeng,Rustenburg,South Africa,2010-06-26,AET,e4a6dee3-d62c-4fb4-b9e0-9234bf8637a2,2026-08-18T12:29:07.612570,wc_all_matches.csv,CSV,ebe3b807-d2d8-40c0-b202-60f947e7efea
2010,Round of 16,England,1,4,Germany,Free State Stadium,Bloemfontein,South Africa,2010-06-27,Lampard ghost goal,84763873-3f2c-42e0-9e66-63700bd52e68,2026-08-18T12:29:07.612570,wc_all_matches.csv,CSV,ebe3b807-d2d8-40c0-b202-60f947e7efea
2010,Quarter-final,Argentina,0,4,Germany,Cape Town Stadium,Cape Town,South Africa,2010-07-03,nan,800adef1-7bf4-40ec-aad4-47f484ba7dd4,2026-08-18T12:29:07.612570,wc_all_matches.csv,CSV,ebe3b807-d2d8-40c0-b202-60f947e7efea
2010,Quarter-final,Netherlands,2,1,Brazil,Nelson Mandela Bay,Port Elizabeth,South Africa,2010-07-02,Robben goal,1075d53a-ed5b-4728-8c6b-ce49cc72d26b,2026-08-18T12:29:07.612570,wc_all_matches.csv,CSV,ebe3b807-d2d8-40c0-b202-60f947e7efea
2010,Semi-final,Netherlands,3,2,Uruguay,Cape Town Stadium,Cape Town,South Africa,2010-07-06,nan,bd0b9db8-a717-4c9e-9e9f-d39007dbe2b2,2026-08-18T12:29:07.612570,wc_all_matches.csv,CSV,ebe3b807-d2d8-40c0-b202-60f947e7efea
2010,Semi-final,Spain,1,0,Germany,Moses Mabhida,Durban,South Africa,2010-07-07,Puyol header,c791362c-a51b-4f3c-a4c4-173459489d24,2026-08-18T12:29:07.612570,wc_all_matches.csv,CSV,ebe3b807-d2d8-40c0-b202-60f947e7efea
2010,3rd Place,Uruguay,2,3,Germany,Nelson Mandela Bay,Port Elizabeth,South Africa,2010-07-10,Forlan Golden Ball,19ea8bbe-0407-4c9b-9232-3443fa20ffbf,2026-08-18T12:29:07.612570,wc_all_matches.csv,CSV,ebe3b807-d2d8-40c0-b202-60f947e7efea
2010,Final,Spain,1,0,Netherlands,Soccer City,Johannesburg,South Africa,2010-07-11,AET - Iniesta,38756848-e12b-4006-905b-95939a2c9924,2026-08-18T12:29:07.612570,wc_all_matches.csv,CSV,ebe3b807-d2d8-40c0-b202-60f947e7efea
2014,Group Stage,Brazil,3,1,Croatia,Arena de São Paulo,São Paulo,Brazil,2014-06-12,Opening - OG + Neymar 2,09cc6d71-b787-4455-b5b6-76dd50930d7c,2026-08-18T12:29:07.612570,wc_all_matches.csv,CSV,ebe3b807-d2d8-40c0-b202-60f947e7efea
2014,Group Stage,Spain,1,5,Netherlands,Arena Fonte Nova,Salvador,Brazil,2014-06-13,Defending champs thrashed,0605c62b-1917-4c72-aa37-47d83aeab28e,2026-08-18T12:29:07.612570,wc_all_matches.csv,CSV,ebe3b807-d2d8-40c0-b202-60f947e7efea
2014,Group Stage,Uruguay,2,1,England,Arena Corinthians,São Paulo,Brazil,2014-06-19,Suárez 2,318f075b-d40e-4872-a9dc-52d8c1f85ff4,2026-08-18T12:29:07.612570,wc_all_matches.csv,CSV,ebe3b807-d2d8-40c0-b202-60f947e7efea
2014,Round of 16,Colombia,2,0,Uruguay,Maracanã,Rio de Janeiro,Brazil,2014-06-28,Suárez bites Chiellini,13207113-b4cc-4c5a-a4d1-3302d09cdd39,2026-08-18T12:29:07.612570,wc_all_matches.csv,CSV,ebe3b807-d2d8-40c0-b202-60f947e7efea
2014,Round of 16,Germany,2,1,Algeria,Estadio Beira-Rio,Porto Alegre,Brazil,2014-06-30,AET,c91f39bf-e968-4eeb-a18f-fc8c93919c9c,2026-08-18T12:29:07.612570,wc_all_matches.csv,CSV,ebe3b807-d2d8-40c0-b202-60f947e7efea
2014,Quarter-final,Argentina,0,0,Belgium,Estadio Nacional,Brasília,Brazil,2014-07-05,Higuaín - Argentina win 1-0,593afafa-071a-41ca-a1d3-acca47a503d3,2026-08-18T12:29:07.612570,wc_all_matches.csv,CSV,ebe3b807-d2d8-40c0-b202-60f947e7efea
2014,Quarter-final,Germany,1,0,France,Maracanã,Rio de Janeiro,Brazil,2014-07-04,Hummels header,62e87e83-da3e-4027-9763-f91023d2101f,2026-08-18T12:29:07.612570,wc_all_matches.csv,CSV,ebe3b807-d2d8-40c0-b202-60f947e7efea
2014,Semi-final,Brazil,1,7,Germany,Estadio Mineirão,Belo Horizonte,Brazil,2014-07-08,Mineirazo - biggest WC shock,b62f1c7f-c4d3-4ce2-8773-040d7d54cad5,2026-08-18T12:29:07.612570,wc_all_matches.csv,CSV,ebe3b807-d2d8-40c0-b202-60f947e7efea
2014,Semi-final,Argentina,0,0,Netherlands,Arena Corinthians,São Paulo,Brazil,2014-07-09,Argentina win 4-2 pens,ad6c57ad-fafb-436d-9681-f3da75989176,2026-08-18T12:29:07.612570,wc_all_matches.csv,CSV,ebe3b807-d2d8-40c0-b202-60f947e7efea
2014,3rd Place,Brazil,0,3,Netherlands,Estadio Nacional,Brasília,Brazil,2014-07-12,nan,a557f901-eb5a-4fcf-89ed-85fde6a58316,2026-08-18T12:29:07.612570,wc_all_matches.csv,CSV,ebe3b807-d2d8-40c0-b202-60f947e7efea
2014,Final,Germany,1,0,Argentina,Maracanã,Rio de Janeiro,Brazil,2014-07-13,AET - Götze 113th min,20bdbb1d-30ee-47f2-ac90-94f4938c4543,2026-08-18T12:29:07.612570,wc_all_matches.csv,CSV,ebe3b807-d2d8-40c0-b202-60f947e7efea
2018,Group Stage,Russia,5,0,Saudi Arabia,Luzhniki,Moscow,Russia,2018-06-14,Opening match,b54fa1d5-ad17-408e-8a1e-3cae4c1e816e,2026-08-18T12:29:07.612570,wc_all_matches.csv,CSV,ebe3b807-d2d8-40c0-b202-60f947e7efea
2018,Group Stage,Germany,0,1,Mexico,Luzhniki,Moscow,Russia,2018-06-17,Defending champs shocked,0dd7aec5-2780-4248-bf74-a9b636648c92,2026-08-18T12:29:07.612570,wc_all_matches.csv,CSV,ebe3b807-d2d8-40c0-b202-60f947e7efea
2018,Group Stage,Spain,3,3,Portugal,Fisht Olympic,Sochi,Russia,2018-06-15,Ronaldo hat-trick,e993d3cb-2d46-40dc-8c50-c0f91d39a8d6,2026-08-18T12:29:07.612570,wc_all_matches.csv,CSV,ebe3b807-d2d8-40c0-b202-60f947e7efea
2018,Round of 16,Argentina,1,3,France,Kazan Arena,Kazan,Russia,2018-06-30,Mbappé double - Pavard screamer,54175f5c-c6f1-47fe-9705-d9aa94a5d33c,2026-08-18T12:29:07.612570,wc_all_matches.csv,CSV,ebe3b807-d2d8-40c0-b202-60f947e7efea
2018,Round of 16,Spain,1,1,Russia,Luzhniki,Moscow,Russia,2018-07-01,Russia win 4-3 pens,7fba8d7f-a9dd-496a-aff4-46a6d19bd1df,2026-08-18T12:29:07.612570,wc_all_matches.csv,CSV,ebe3b807-d2d8-40c0-b202-60f947e7efea
2018,Round of 16,Brazil,2,0,Mexico,Samara Arena,Samara,Russia,2018-07-02,Neymar + Firmino,2b1214fd-9267-43af-9dec-0498dedc9f44,2026-08-18T12:29:07.612570,wc_all_matches.csv,CSV,ebe3b807-d2d8-40c0-b202-60f947e7efea
2018,Quarter-final,Russia,2,2,Croatia,Fisht Olympic,Sochi,Russia,2018-07-07,Croatia win 4-3 pens,40d76e5e-a172-4d27-be52-f6f2b393aba6,2026-08-18T12:29:07.612570,wc_all_matches.csv,CSV,ebe3b807-d2d8-40c0-b202-60f947e7efea
2018,Quarter-final,Belgium,2,1,Brazil,Kazan Arena,Kazan,Russia,2018-07-06,De Bruyne assist + Chadli goal,c8f8eee5-bb6d-4b09-8c96-a59464b51078,2026-08-18T12:29:07.612570,wc_all_matches.csv,CSV,ebe3b807-d2d8-40c0-b202-60f947e7efea
2018,Semi-final,France,1,0,Belgium,Saint Petersburg,St Petersburg,Russia,2018-07-10,Umtiti header,ad3ce221-f313-4eec-88f8-3eaaa1356376,2026-08-18T12:29:07.612570,wc_all_matches.csv,CSV,ebe3b807-d2d8-40c0-b202-60f947e7efea
2018,Semi-final,Croatia,2,1,England,Luzhniki,Moscow,Russia,2018-07-11,AET - Mandzukic,4f3c77ee-052f-4de1-977c-0edbab6f5052,2026-08-18T12:29:07.612570,wc_all_matches.csv,CSV,ebe3b807-d2d8-40c0-b202-60f947e7efea
2018,3rd Place,Belgium,2,0,England,Saint Petersburg,St Petersburg,Russia,2018-07-14,nan,a279c538-b01b-4068-89ed-4b3c6f86a3bb,2026-08-18T12:29:07.612570,wc_all_matches.csv,CSV,ebe3b807-d2d8-40c0-b202-60f947e7efea
2018,Final,France,4,2,Croatia,Luzhniki,Moscow,Russia,2018-07-15,Mbappé scores - youngest since Pelé,9fc3f418-eaa1-4995-82ff-66df8314bf02,2026-08-18T12:29:07.612570,wc_all_matches.csv,CSV,ebe3b807-d2d8-40c0-b202-60f947e7efea
2022,Group Stage,Qatar,0,2,Ecuador,Al Bayt Stadium,Al Khor,Qatar,2022-11-20,Opening match - Qatar humbled at home,d9196984-94d2-4b8f-a15c-715bba488b21,2026-08-18T12:29:07.612570,wc_all_matches.csv,CSV,ebe3b807-d2d8-40c0-b202-60f947e7efea
2022,Group Stage,Saudi Arabia,2,1,Argentina,Lusail Stadium,Lusail,Qatar,2022-11-22,Biggest WC upset 2022,7e754b8d-8e78-4b24-89f7-98836f8b8732,2026-08-18T12:29:07.612570,wc_all_matches.csv,CSV,ebe3b807-d2d8-40c0-b202-60f947e7efea
2022,Group Stage,Germany,1,2,Japan,Khalifa International,Al Rayyan,Qatar,2022-11-23,nan,b4fea280-803f-4d0b-bc30-d93e33554c07,2026-08-18T12:29:07.612570,wc_all_matches.csv,CSV,ebe3b807-d2d8-40c0-b202-60f947e7efea
2022,Group Stage,Spain,1,2,Japan,Khalifa International,Al Rayyan,Qatar,2022-12-01,nan,7e458367-18df-423c-8611-d79cf1024399,2026-08-18T12:29:07.612570,wc_all_matches.csv,CSV,ebe3b807-d2d8-40c0-b202-60f947e7efea
2022,Group Stage,Germany,4,2,Costa Rica,Al Bayt Stadium,Al Khor,Qatar,2022-12-01,Germany out despite winning,e523fcdd-2622-419c-b0a7-f9d5c9c81c06,2026-08-18T12:29:07.612570,wc_all_matches.csv,CSV,ebe3b807-d2d8-40c0-b202-60f947e7efea
2022,Round of 16,Morocco,0,0,Spain,Education City Stadium,Al Rayyan,Qatar,2022-12-06,Morocco win 3-0 pens,b42241a7-b5a8-4cb9-881c-2ad18ffe7539,2026-08-18T12:29:07.612570,wc_all_matches.csv,CSV,ebe3b807-d2d8-40c0-b202-60f947e7efea
2022,Round of 16,France,3,1,Poland,Al Thumama Stadium,Doha,Qatar,2022-12-04,Mbappé double,01fe56ee-40ce-4433-b06a-14108c64d037,2026-08-18T12:29:07.612570,wc_all_matches.csv,CSV,ebe3b807-d2d8-40c0-b202-60f947e7efea
2022,Round of 16,Netherlands,3,1,USA,Khalifa International,Al Rayyan,Qatar,2022-12-03,nan,c45008f9-24cd-4de0-9bb5-40c6cc19dabf,2026-08-18T12:29:07.612570,wc_all_matches.csv,CSV,ebe3b807-d2d8-40c0-b202-60f947e7efea
2022,Quarter-final,Morocco,1,0,Portugal,Al Thumama Stadium,Doha,Qatar,2022-12-10,En-Nesyri - historic,554706da-6dff-4591-a84a-fdf3f0506cbc,2026-08-18T12:29:07.612570,wc_all_matches.csv,CSV,ebe3b807-d2d8-40c0-b202-60f947e7efea
2022,Quarter-final,France,2,1,England,Al Bayt Stadium,Al Khor,Qatar,2022-12-10,Kane pen miss,e5059cdf-ab31-40e6-87c8-2a0323967b64,2026-08-18T12:29:07.612570,wc_all_matches.csv,CSV,ebe3b807-d2d8-40c0-b202-60f947e7efea
2022,Semi-final,Argentina,3,0,Croatia,Lusail Stadium,Lusail,Qatar,2022-12-13,Messi pen + Álvarez 2,35701de8-90cb-4d6d-af2a-e59b95b016d2,2026-08-18T12:29:07.612570,wc_all_matches.csv,CSV,ebe3b807-d2d8-40c0-b202-60f947e7efea
2022,Semi-final,France,2,0,Morocco,Al Bayt Stadium,Al Khor,Qatar,2022-12-14,nan,17aa5388-e107-471e-a739-51382af226b7,2026-08-18T12:29:07.612570,wc_all_matches.csv,CSV,ebe3b807-d2d8-40c0-b202-60f947e7efea
2022,3rd Place,Croatia,2,1,Morocco,Khalifa International,Al Rayyan,Qatar,2022-12-17,nan,24499796-fcdb-4ecb-af57-8efa44d92d28,2026-08-18T12:29:07.612570,wc_all_matches.csv,CSV,ebe3b807-d2d8-40c0-b202-60f947e7efea
2022,Final,Argentina,3,3,France,Lusail Stadium,Lusail,Qatar,2022-12-18,AET - Argentina win 4-2 pens - GOAT final,58407d76-ad58-40a4-b380-fc4978e7fe7e,2026-08-18T12:29:07.612570,wc_all_matches.csv,CSV,ebe3b807-d2d8-40c0-b202-60f947e7efea
